message,text
"When will my order arrive?",
"How do I track my order?",
"Can I return this item?",
"What's your return policy?",
"I need a refund",
"How do I get a refund?",
"Can I cancel my order?",
"This is broken",
"I'm very upset with this purchase",
"Product arrived damaged",
"Thank you for your help",
"You guys are awesome",
"I need to cancel my subscription",
"How do I update my payment method?",
"What payment methods do you accept?",
"My credit card was declined",
"How much does shipping cost?",
"Do you ship internationally?",
"Where is my package?",
"The package is late",
"Can I change my order after placing it?",
"Do you have this in a different size?",
"Is this item in stock?",
"How long is the warranty?",
"What's included in the box?",
"Can I gift wrap this?",
"Do you offer discounts?",
"I have a promo code",
"How do I apply a coupon?",
"Are there any current sales?",
"Can I speak to a manager?",
"I want to file a complaint",
"This product doesn't match the description",
"The quality is poor",
"I received the wrong item",
"My account was hacked",
"I forgot my password",
"How do I reset my password?",
"Can I change my email address?",
"How do I delete my account?",
"What's your customer service hours?",
"Can I email you instead of calling?",
"Do you have a physical store?",
"Where are you located?",
"How do I become a premium member?",
"What are the benefits of premium?",
"Can I upgrade my membership?",
"How do I cancel my membership?",
"Why was I charged twice?",
